"ID","FLDNAME","TBLNAME","CRFNAME","QUESTION","TEXT","STATUS","DEPRULE","TYPE","LENGTH","DECIML","RANGEVAL","RANGESQL","RANGEPRL","UNITS","CODE","NOTES","OBJID","COLID","RANGEJSCPT","NAVJSCPT","FTYPE","TAB","DE","MC","VISIBLE","LOGVISIBLE","MTBLNAME","SUBTBLNAME","POPJSCPT","GRID","DEF","update_stamp"
"","RID","UCBERKELEYAV45","UC Berkeley - AV45 analysis","-4","Participant roster ID","-4","-4","T","10","","-4","-4","-4","","-4","The 4 digit roster ID (RID) should be used to merge data","-4","-4","-4","-4","-4","-4","-4","-4","-4","-4","-4","-4","-4","-4","-4","2021-01-19 10:55:17.0"
"","VISCODE","UCBERKELEYAV45","UC Berkeley - AV45 analysis","-4","Visit code","-4","-4","T","3","","-4","-4","-4","","-4","","-4","-4","-4","-4","-4","-4","-4","-4","-4","-4","-4","-4","-4","-4","-4","2021-01-19 10:55:17.0"
"","VISCODE2","UCBERKELEYAV45","UC Berkeley - AV45 analysis","-4","Translated visit code","-4","-4","T","3","","-4","-4","-4","","-4","Months from baseline rounded to nearest 6 months","-4","-4","-4","-4","-4","-4","-4","-4","-4","-4","-4","-4","-4","-4","-4","2021-01-19 10:55:17.0"
"","EXAMDATE","UCBERKELEYAV45","UC Berkeley - AV45 analysis","-4","Examination Date","-4","-4","D","7","","-4","-4","-4","","-4","","-4","-4","-4","-4","-4","-4","-4","-4","-4","-4","-4","-4","-4","-4","-4","2021-01-19 10:55:17.0"
"","CEREBELLUMGREYMATTER_SUVR","UCBERKELEYAV45","UC Berkeley - AV45 analysis","-4","Reference region - florbetapir mean of cerebellar grey matter.  Regions defined by Freesurfer; see Jagust lab PDF on LONI for details","-4","-4","N","","4","-4","-4","-4","av45 uptake - reference region","-4","-4","-4","-4","-4","-4","-4","-4","-4","-4","-4","-4","-4","-4","-4","-4","-4","2021-01-19 10:55:17.0"
"","CEREBELLUMGREYMATTER_VOLUME","UCBERKELEYAV45","UC Berkeley - AV45 analysis","-4","Reference region - volume of cerebellar grey matter.  Regions defined by Freesurfer; see Jagust lab PDF on LONI for details","-4","-4","N","","0","-4","-4","-4","mm^3","-4","-4","-4","-4","-4","-4","-4","-4","-4","-4","-4","-4","-4","-4","-4","-4","-4","2021-01-19 10:55:17.0"
"","WHOLECEREBELLUM_SUVR","UCBERKELEYAV45","UC Berkeley - AV45 analysis","-4","Reference region - florbetapir mean of whole cerebellum.  Regions defined by Freesurfer; see Jagust lab PDF on LONI for details","-4","-4","N","","4","-4","-4","-4","av45 uptake - reference region","-4","-4","-4","-4","-4","-4","-4","-4","-4","-4","-4","-4","-4","-4","-4","-4","-4","2021-01-19 10:55:17.0"
"","WHOLECEREBELLUM_VOLUME","UCBERKELEYAV45","UC Berkeley - AV45 analysis","-4","Reference region - volume of whole cerebellum.  Regions defined by Freesurfer; see Jagust lab PDF on LONI for details","-4","-4","N","","0","-4","-4","-4","mm^3","-4","-4","-4","-4","-4","-4","-4","-4","-4","-4","-4","-4","-4","-4","-4","-4","-4","2021-01-19 10:55:17.0"
"","ERODED_SUBCORTICALWM_SUVR","UCBERKELEYAV45","UC Berkeley - AV45 analysis","-4","Reference region - florbetapir mean of eroded subcortical white matter.  Regions defined by Freesurfer; see Jagust lab PDF on LONI for details","-4","-4","N","","4","-4","-4","-4","av45 uptake - reference region","-4","-4","-4","-4","-4","-4","-4","-4","-4","-4","-4","-4","-4","-4","-4","-4","-4","2021-01-19 10:55:17.0"
"","COMPOSITE_REF_SUVR","UCBERKELEYAV45","UC Berkeley - AV45 analysis","-4","Reference region - florbetapir mean of composite ref region (avg of whole cerebellum, pons/brainstem, eroded WM).  Regions defined by Freesurfer; see Jagust lab PDF on LONI for details","-4","-4","N","","0","-4","-4","-4","av45 uptake - reference region","-4","-4","-4","-4","-4","-4","-4","-4","-4","-4","-4","-4","-4","-4","-4","-4","-4","2021-01-19 10:55:17.0"
"","FRONTAL_SUVR","UCBERKELEYAV45","UC Berkeley - AV45 analysis","-4","Weighted florbetapir mean in frontal regions.  Regions defined by Freesurfer; see Jagust lab PDF on LONI for details","-4","-4","N","","4","-4","-4","-4","av45 uptake - cortical subregion","-4","-4","-4","-4","-4","-4","-4","-4","-4","-4","-4","-4","-4","-4","-4","-4","-4","2021-01-19 10:55:17.0"
"","CINGULATE_SUVR","UCBERKELEYAV45","UC Berkeley - AV45 analysis","-4","Weighted florbetapir mean in anterior/posterior cingulate regions.  Regions defined by Freesurfer; see Jagust lab PDF on LONI for details","-4","-4","N","","4","-4","-4","-4","av45 uptake - cortical subregion","-4","-4","-4","-4","-4","-4","-4","-4","-4","-4","-4","-4","-4","-4","-4","-4","-4","2021-01-19 10:55:17.0"
"","PARIETAL_SUVR","UCBERKELEYAV45","UC Berkeley - AV45 analysis","-4","Weighted florbetapir mean in lateral parietal regions.  Regions defined by Freesurfer; see Jagust lab PDF on LONI for details","-4","-4","N","","4","-4","-4","-4","av45 uptake - cortical subregion","-4","-4","-4","-4","-4","-4","-4","-4","-4","-4","-4","-4","-4","-4","-4","-4","-4","2021-01-19 10:55:17.0"
"","TEMPORAL_SUVR","UCBERKELEYAV45","UC Berkeley - AV45 analysis","-4","Weighted florbetapir mean in lateral temporal regions.  Regions defined by Freesurfer; see Jagust lab PDF on LONI for details","-4","-4","N","","4","-4","-4","-4","av45 uptake - cortical subregion","-4","-4","-4","-4","-4","-4","-4","-4","-4","-4","-4","-4","-4","-4","-4","-4","-4","2021-01-19 10:55:17.0"
"","COMPOSITE_SUVR","UCBERKELEYAV45","UC Berkeley - AV45 analysis","-4","Summary florbetapir cortical SUVR. Weighted florbetapir mean in frontal, cingulate, parietal and temporal regions.  Regions defined by Freesurfer; see Jagust lab PDF on LONI for details","-4","-4","N","","4","-4","-4","-4","av45 uptake - reference region","-4","-4","-4","-4","-4","-4","-4","-4","-4","-4","-4","-4","-4","-4","-4","-4","-4","2021-01-19 10:55:17.0"
"","SUMMARYSUVR_WHOLECEREBNORM","UCBERKELEYAV45","UC Berkeley - AV45 analysis","-4","Summary florbetapir cortical SUVR normalized by whole cerebellum.  See Jagust lab PDF on LONI for details and cutoff info","-4","-4","N","","4","-4","-4","-4","av45 ratio (cortical grey matter/whole cerebellum)","-4","-4","-4","-4","-4","-4","-4","-4","-4","-4","-4","-4","-4","-4","-4","-4","-4","2021-01-19 10:55:17.0"
"","SUMMARYSUVR_WHOLECEREBNORM_1.11CUTOFF","UCBERKELEYAV45","UC Berkeley - AV45 analysis","-4","Amyloid positivity determined by applying a cutoff value of 1.11 to the summary florbetapir cortical SUVR normalized by whole cerebellum","-4","-4","N","","0","-4","-4","-4","binary","-4","-4","-4","-4","-4","-4","-4","-4","-4","-4","-4","-4","-4","-4","-4","-4","-4","2021-01-19 10:55:17.0"
"","SUMMARYSUVR_COMPOSITE_REFNORM","UCBERKELEYAV45","UC Berkeley - AV45 analysis","-4","Summary florbetapir cortical SUVR normalized by composite ref region.  See Jagust lab PDF on LONI for details","-4","-4","N","","4","-4","-4","-4","av45 ratio (cortical grey matter/composite ref region)","-4","-4","-4","-4","-4","-4","-4","-4","-4","-4","-4","-4","-4","-4","-4","-4","-4","2021-01-19 10:55:17.0"
"","SUMMARYSUVR_COMPOSITE_REFNORM_0.78CUTOFF","UCBERKELEYAV45","UC Berkeley - AV45 analysis","-4","Amyloid positivity determined by applying a cutoff value of 0.79 to the summary florbetapir cortical SUVR normalized by composite ref region","-4","-4","N","","0","-4","-4","-4","binary","-4","-4","-4","-4","-4","-4","-4","-4","-4","-4","-4","-4","-4","-4","-4","-4","-4","2021-01-19 10:55:17.0"
"","BRAINSTEM_SUVR","UCBERKELEYAV45","UC Berkeley - AV45 analysis","-4","Reference region - florbetapir mean of brainstem.  Regions defined by Freesurfer; see Jagust lab PDF on LONI for details","-4","-4","N","","4","-4","-4","-4","av45 uptake - reference region","-4","-4","-4","-4","-4","-4","-4","-4","-4","-4","-4","-4","-4","-4","-4","-4","-4","2021-01-19 10:55:17.0"
"","BRAINSTEM_VOLUME","UCBERKELEYAV45","UC Berkeley - AV45 analysis","-4","brain-stem ROI size in mm^3","-4","-4","N","","0","-4","-4","-4","mm^3","-4","-4","-4","-4","-4","-4","-4","-4","-4","-4","-4","-4","-4","-4","-4","-4","-4","2021-01-19 10:55:17.0"
"","VENTRICLE_3RD_SUVR","UCBERKELEYAV45","UC Berkeley - AV45 analysis","-4","3rd-ventricle","-4","-4","N","","4","-4","-4","-4","av45 uptake - subregion","-4","-4","-4","-4","-4","-4","-4","-4","-4","-4","-4","-4","-4","-4","-4","-4","-4","2021-01-19 10:55:17.0"
"","VENTRICLE_3RD_VOLUME","UCBERKELEYAV45","UC Berkeley - AV45 analysis","-4","3rd-ventricle ROI size in mm^3","-4","-4","N","","0","-4","-4","-4","mm^3","-4","-4","-4","-4","-4","-4","-4","-4","-4","-4","-4","-4","-4","-4","-4","-4","-4","2021-01-19 10:55:17.0"
"","VENTRICLE_4TH_SUVR","UCBERKELEYAV45","UC Berkeley - AV45 analysis","-4","4th-ventricle","-4","-4","N","","4","-4","-4","-4","av45 uptake - subregion","-4","-4","-4","-4","-4","-4","-4","-4","-4","-4","-4","-4","-4","-4","-4","-4","-4","2021-01-19 10:55:17.0"
"","VENTRICLE_4TH_VOLUME","UCBERKELEYAV45","UC Berkeley - AV45 analysis","-4","4th-ventricle ROI size in mm^3","-4","-4","N","","0","-4","-4","-4","mm^3","-4","-4","-4","-4","-4","-4","-4","-4","-4","-4","-4","-4","-4","-4","-4","-4","-4","2021-01-19 10:55:17.0"
"","VENTRICLE_5TH_SUVR","UCBERKELEYAV45","UC Berkeley - AV45 analysis","-4","5th-ventricle","-4","-4","N","","4","-4","-4","-4","av45 uptake - subregion","-4","-4","-4","-4","-4","-4","-4","-4","-4","-4","-4","-4","-4","-4","-4","-4","-4","2021-01-19 10:55:17.0"
"","VENTRICLE_5TH_VOLUME","UCBERKELEYAV45","UC Berkeley - AV45 analysis","-4","5th-ventricle ROI size in mm^3","-4","-4","N","","0","-4","-4","-4","mm^3","-4","-4","-4","-4","-4","-4","-4","-4","-4","-4","-4","-4","-4","-4","-4","-4","-4","2021-01-19 10:55:17.0"
"","CC_ANTERIOR_SUVR","UCBERKELEYAV45","UC Berkeley - AV45 analysis","-4","cc-anterior","-4","-4","N","","4","-4","-4","-4","av45 uptake - reference region","-4","-4","-4","-4","-4","-4","-4","-4","-4","-4","-4","-4","-4","-4","-4","-4","-4","2021-01-19 10:55:17.0"
"","CC_ANTERIOR_VOLUME","UCBERKELEYAV45","UC Berkeley - AV45 analysis","-4","cc-anterior ROI size in mm^3","-4","-4","N","","0","-4","-4","-4","mm^3","-4","-4","-4","-4","-4","-4","-4","-4","-4","-4","-4","-4","-4","-4","-4","-4","-4","2021-01-19 10:55:17.0"
"","CC_CENTRAL_SUVR","UCBERKELEYAV45","UC Berkeley - AV45 analysis","-4","cc-central","-4","-4","N","","4","-4","-4","-4","av45 uptake - subregion","-4","-4","-4","-4","-4","-4","-4","-4","-4","-4","-4","-4","-4","-4","-4","-4","-4","2021-01-19 10:55:17.0"
"","CC_CENTRAL_VOLUME","UCBERKELEYAV45","UC Berkeley - AV45 analysis","-4","cc-central ROI size in mm^3","-4","-4","N","","0","-4","-4","-4","mm^3","-4","-4","-4","-4","-4","-4","-4","-4","-4","-4","-4","-4","-4","-4","-4","-4","-4","2021-01-19 10:55:17.0"
"","CC_MID_ANTERIOR_SUVR","UCBERKELEYAV45","UC Berkeley - AV45 analysis","-4","cc-mid-anterior","-4","-4","N","","4","-4","-4","-4","av45 uptake - subregion","-4","-4","-4","-4","-4","-4","-4","-4","-4","-4","-4","-4","-4","-4","-4","-4","-4","2021-01-19 10:55:17.0"
"","CC_MID_ANTERIOR_VOLUME","UCBERKELEYAV45","UC Berkeley - AV45 analysis","-4","cc-mid-anterior ROI size in mm^3","-4","-4","N","","0","-4","-4","-4","mm^3","-4","-4","-4","-4","-4","-4","-4","-4","-4","-4","-4","-4","-4","-4","-4","-4","-4","2021-01-19 10:55:17.0"
"","CC_MID_POSTERIOR_SUVR","UCBERKELEYAV45","UC Berkeley - AV45 analysis","-4","cc-mid-posterior","-4","-4","N","","4","-4","-4","-4","av45 uptake - subregion","-4","-4","-4","-4","-4","-4","-4","-4","-4","-4","-4","-4","-4","-4","-4","-4","-4","2021-01-19 10:55:17.0"
"","CC_MID_POSTERIOR_VOLUME","UCBERKELEYAV45","UC Berkeley - AV45 analysis","-4","cc-mid-posterior ROI size in mm^3","-4","-4","N","","0","-4","-4","-4","mm^3","-4","-4","-4","-4","-4","-4","-4","-4","-4","-4","-4","-4","-4","-4","-4","-4","-4","2021-01-19 10:55:17.0"
"","CC_POSTERIOR_SUVR","UCBERKELEYAV45","UC Berkeley - AV45 analysis","-4","cc-posterior","-4","-4","N","","4","-4","-4","-4","av45 uptake - reference region","-4","-4","-4","-4","-4","-4","-4","-4","-4","-4","-4","-4","-4","-4","-4","-4","-4","2021-01-19 10:55:17.0"
"","CC_POSTERIOR_VOLUME","UCBERKELEYAV45","UC Berkeley - AV45 analysis","-4","cc-posterior ROI size in mm^3","-4","-4","N","","0","-4","-4","-4","mm^3","-4","-4","-4","-4","-4","-4","-4","-4","-4","-4","-4","-4","-4","-4","-4","-4","-4","2021-01-19 10:55:17.0"
"","CSF_SUVR","UCBERKELEYAV45","UC Berkeley - AV45 analysis","-4","csf","-4","-4","N","","4","-4","-4","-4","av45 uptake - subregion","-4","-4","-4","-4","-4","-4","-4","-4","-4","-4","-4","-4","-4","-4","-4","-4","-4","2021-01-19 10:55:17.0"
"","CSF_VOLUME","UCBERKELEYAV45","UC Berkeley - AV45 analysis","-4","csf ROI size in mm^3","-4","-4","N","","0","-4","-4","-4","mm^3","-4","-4","-4","-4","-4","-4","-4","-4","-4","-4","-4","-4","-4","-4","-4","-4","-4","2021-01-19 10:55:17.0"
"","CTX_LH_BANKSSTS_SUVR","UCBERKELEYAV45","UC Berkeley - AV45 analysis","-4","ctx-lh-bankssts","-4","-4","N","","4","-4","-4","-4","av45 uptake - subregion","-4","-4","-4","-4","-4","-4","-4","-4","-4","-4","-4","-4","-4","-4","-4","-4","-4","2021-01-19 10:55:17.0"
"","CTX_LH_BANKSSTS_VOLUME","UCBERKELEYAV45","UC Berkeley - AV45 analysis","-4","ctx-lh-bankssts ROI size in mm^3","-4","-4","N","","0","-4","-4","-4","mm^3","-4","-4","-4","-4","-4","-4","-4","-4","-4","-4","-4","-4","-4","-4","-4","-4","-4","2021-01-19 10:55:17.0"
"","CTX_LH_CAUDALANTERIORCINGULATE_SUVR","UCBERKELEYAV45","UC Berkeley - AV45 analysis","-4","ctx-lh-caudalanteriorcingulate","-4","-4","N","","4","-4","-4","-4","av45 uptake - subregion","-4","-4","-4","-4","-4","-4","-4","-4","-4","-4","-4","-4","-4","-4","-4","-4","-4","2021-01-19 10:55:17.0"
"","CTX_LH_CAUDALANTERIORCINGULATE_VOLUME","UCBERKELEYAV45","UC Berkeley - AV45 analysis","-4","ctx-lh-caudalanteriorcingulate ROI size in mm^3","-4","-4","N","","0","-4","-4","-4","mm^3","-4","-4","-4","-4","-4","-4","-4","-4","-4","-4","-4","-4","-4","-4","-4","-4","-4","2021-01-19 10:55:17.0"
"","CTX_LH_CAUDALMIDDLEFRONTAL_SUVR","UCBERKELEYAV45","UC Berkeley - AV45 analysis","-4","ctx-lh-caudalmiddlefrontal","-4","-4","N","","4","-4","-4","-4","av45 uptake - reference region","-4","-4","-4","-4","-4","-4","-4","-4","-4","-4","-4","-4","-4","-4","-4","-4","-4","2021-01-19 10:55:17.0"
"","CTX_LH_CAUDALMIDDLEFRONTAL_VOLUME","UCBERKELEYAV45","UC Berkeley - AV45 analysis","-4","ctx-lh-caudalmiddlefrontal ROI size in mm^3","-4","-4","N","","0","-4","-4","-4","mm^3","-4","-4","-4","-4","-4","-4","-4","-4","-4","-4","-4","-4","-4","-4","-4","-4","-4","2021-01-19 10:55:17.0"
"","CTX_LH_CUNEUS_SUVR","UCBERKELEYAV45","UC Berkeley - AV45 analysis","-4","ctx-lh-cuneus","-4","-4","N","","4","-4","-4","-4","av45 uptake - subregion","-4","-4","-4","-4","-4","-4","-4","-4","-4","-4","-4","-4","-4","-4","-4","-4","-4","2021-01-19 10:55:17.0"
"","CTX_LH_CUNEUS_VOLUME","UCBERKELEYAV45","UC Berkeley - AV45 analysis","-4","ctx-lh-cuneus ROI size in mm^3","-4","-4","N","","0","-4","-4","-4","mm^3","-4","-4","-4","-4","-4","-4","-4","-4","-4","-4","-4","-4","-4","-4","-4","-4","-4","2021-01-19 10:55:17.0"
"","CTX_LH_ENTORHINAL_SUVR","UCBERKELEYAV45","UC Berkeley - AV45 analysis","-4","ctx-lh-entorhinal","-4","-4","N","","4","-4","-4","-4","av45 uptake - subregion","-4","-4","-4","-4","-4","-4","-4","-4","-4","-4","-4","-4","-4","-4","-4","-4","-4","2021-01-19 10:55:17.0"
"","CTX_LH_ENTORHINAL_VOLUME","UCBERKELEYAV45","UC Berkeley - AV45 analysis","-4","ctx-lh-entorhinal ROI size in mm^3","-4","-4","N","","0","-4","-4","-4","mm^3","-4","-4","-4","-4","-4","-4","-4","-4","-4","-4","-4","-4","-4","-4","-4","-4","-4","2021-01-19 10:55:17.0"
"","CTX_LH_FRONTALPOLE_SUVR","UCBERKELEYAV45","UC Berkeley - AV45 analysis","-4","ctx-lh-frontalpole","-4","-4","N","","4","-4","-4","-4","av45 uptake - subregion","-4","-4","-4","-4","-4","-4","-4","-4","-4","-4","-4","-4","-4","-4","-4","-4","-4","2021-01-19 10:55:17.0"
"","CTX_LH_FRONTALPOLE_VOLUME","UCBERKELEYAV45","UC Berkeley - AV45 analysis","-4","ctx-lh-frontalpole ROI size in mm^3","-4","-4","N","","0","-4","-4","-4","mm^3","-4","-4","-4","-4","-4","-4","-4","-4","-4","-4","-4","-4","-4","-4","-4","-4","-4","2021-01-19 10:55:17.0"
"","CTX_LH_FUSIFORM_SUVR","UCBERKELEYAV45","UC Berkeley - AV45 analysis","-4","ctx-lh-fusiform","-4","-4","N","","4","-4","-4","-4","av45 uptake - reference region","-4","-4","-4","-4","-4","-4","-4","-4","-4","-4","-4","-4","-4","-4","-4","-4","-4","2021-01-19 10:55:17.0"
"","CTX_LH_FUSIFORM_VOLUME","UCBERKELEYAV45","UC Berkeley - AV45 analysis","-4","ctx-lh-fusiform ROI size in mm^3","-4","-4","N","","0","-4","-4","-4","mm^3","-4","-4","-4","-4","-4","-4","-4","-4","-4","-4","-4","-4","-4","-4","-4","-4","-4","2021-01-19 10:55:17.0"
"","CTX_LH_INFERIORPARIETAL_SUVR","UCBERKELEYAV45","UC Berkeley - AV45 analysis","-4","ctx-lh-inferiorparietal","-4","-4","N","","4","-4","-4","-4","av45 uptake - subregion","-4","-4","-4","-4","-4","-4","-4","-4","-4","-4","-4","-4","-4","-4","-4","-4","-4","2021-01-19 10:55:17.0"
"","CTX_LH_INFERIORPARIETAL_VOLUME","UCBERKELEYAV45","UC Berkeley - AV45 analysis","-4","ctx-lh-inferiorparietal ROI size in mm^3","-4","-4","N","","0","-4","-4","-4","mm^3","-4","-4","-4","-4","-4","-4","-4","-4","-4","-4","-4","-4","-4","-4","-4","-4","-4","2021-01-19 10:55:17.0"
"","CTX_LH_INFERIORTEMPORAL_SUVR","UCBERKELEYAV45","UC Berkeley - AV45 analysis","-4","ctx-lh-inferiortemporal","-4","-4","N","","4","-4","-4","-4","av45 uptake - subregion","-4","-4","-4","-4","-4","-4","-4","-4","-4","-4","-4","-4","-4","-4","-4","-4","-4","2021-01-19 10:55:17.0"
"","CTX_LH_INFERIORTEMPORAL_VOLUME","UCBERKELEYAV45","UC Berkeley - AV45 analysis","-4","ctx-lh-inferiortemporal ROI size in mm^3","-4","-4","N","","0","-4","-4","-4","mm^3","-4","-4","-4","-4","-4","-4","-4","-4","-4","-4","-4","-4","-4","-4","-4","-4","-4","2021-01-19 10:55:17.0"
"","CTX_LH_INSULA_SUVR","UCBERKELEYAV45","UC Berkeley - AV45 analysis","-4","ctx-lh-insula","-4","-4","N","","4","-4","-4","-4","av45 uptake - subregion","-4","-4","-4","-4","-4","-4","-4","-4","-4","-4","-4","-4","-4","-4","-4","-4","-4","2021-01-19 10:55:17.0"
"","CTX_LH_INSULA_VOLUME","UCBERKELEYAV45","UC Berkeley - AV45 analysis","-4","ctx-lh-insula ROI size in mm^3","-4","-4","N","","0","-4","-4","-4","mm^3","-4","-4","-4","-4","-4","-4","-4","-4","-4","-4","-4","-4","-4","-4","-4","-4","-4","2021-01-19 10:55:17.0"
"","CTX_LH_ISTHMUSCINGULATE_SUVR","UCBERKELEYAV45","UC Berkeley - AV45 analysis","-4","ctx-lh-isthmuscingulate","-4","-4","N","","4","-4","-4","-4","av45 uptake - reference region","-4","-4","-4","-4","-4","-4","-4","-4","-4","-4","-4","-4","-4","-4","-4","-4","-4","2021-01-19 10:55:17.0"
"","CTX_LH_ISTHMUSCINGULATE_VOLUME","UCBERKELEYAV45","UC Berkeley - AV45 analysis","-4","ctx-lh-isthmuscingulate ROI size in mm^3","-4","-4","N","","0","-4","-4","-4","mm^3","-4","-4","-4","-4","-4","-4","-4","-4","-4","-4","-4","-4","-4","-4","-4","-4","-4","2021-01-19 10:55:17.0"
"","CTX_LH_LATERALOCCIPITAL_SUVR","UCBERKELEYAV45","UC Berkeley - AV45 analysis","-4","ctx-lh-lateraloccipital","-4","-4","N","","4","-4","-4","-4","av45 uptake - subregion","-4","-4","-4","-4","-4","-4","-4","-4","-4","-4","-4","-4","-4","-4","-4","-4","-4","2021-01-19 10:55:17.0"
"","CTX_LH_LATERALOCCIPITAL_VOLUME","UCBERKELEYAV45","UC Berkeley - AV45 analysis","-4","ctx-lh-lateraloccipital ROI size in mm^3","-4","-4","N","","0","-4","-4","-4","mm^3","-4","-4","-4","-4","-4","-4","-4","-4","-4","-4","-4","-4","-4","-4","-4","-4","-4","2021-01-19 10:55:17.0"
"","CTX_LH_LATERALORBITOFRONTAL_SUVR","UCBERKELEYAV45","UC Berkeley - AV45 analysis","-4","ctx-lh-lateralorbitofrontal","-4","-4","N","","4","-4","-4","-4","av45 uptake - subregion","-4","-4","-4","-4","-4","-4","-4","-4","-4","-4","-4","-4","-4","-4","-4","-4","-4","2021-01-19 10:55:17.0"
"","CTX_LH_LATERALORBITOFRONTAL_VOLUME","UCBERKELEYAV45","UC Berkeley - AV45 analysis","-4","ctx-lh-lateralorbitofrontal ROI size in mm^3","-4","-4","N","","0","-4","-4","-4","mm^3","-4","-4","-4","-4","-4","-4","-4","-4","-4","-4","-4","-4","-4","-4","-4","-4","-4","2021-01-19 10:55:17.0"
"","CTX_LH_LINGUAL_SUVR","UCBERKELEYAV45","UC Berkeley - AV45 analysis","-4","ctx-lh-lingual","-4","-4","N","","4","-4","-4","-4","av45 uptake - subregion","-4","-4","-4","-4","-4","-4","-4","-4","-4","-4","-4","-4","-4","-4","-4","-4","-4","2021-01-19 10:55:17.0"
"","CTX_LH_LINGUAL_VOLUME","UCBERKELEYAV45","UC Berkeley - AV45 analysis","-4","ctx-lh-lingual ROI size in mm^3","-4","-4","N","","0","-4","-4","-4","mm^3","-4","-4","-4","-4","-4","-4","-4","-4","-4","-4","-4","-4","-4","-4","-4","-4","-4","2021-01-19 10:55:17.0"
"","CTX_LH_MEDIALORBITOFRONTAL_SUVR","UCBERKELEYAV45","UC Berkeley - AV45 analysis","-4","ctx-lh-medialorbitofrontal","-4","-4","N","","4","-4","-4","-4","av45 uptake - reference region","-4","-4","-4","-4","-4","-4","-4","-4","-4","-4","-4","-4","-4","-4","-4","-4","-4","2021-01-19 10:55:17.0"
"","CTX_LH_MEDIALORBITOFRONTAL_VOLUME","UCBERKELEYAV45","UC Berkeley - AV45 analysis","-4","ctx-lh-medialorbitofrontal ROI size in mm^3","-4","-4","N","","0","-4","-4","-4","mm^3","-4","-4","-4","-4","-4","-4","-4","-4","-4","-4","-4","-4","-4","-4","-4","-4","-4","2021-01-19 10:55:17.0"
"","CTX_LH_MIDDLETEMPORAL_SUVR","UCBERKELEYAV45","UC Berkeley - AV45 analysis","-4","ctx-lh-middletemporal","-4","-4","N","","4","-4","-4","-4","av45 uptake - subregion","-4","-4","-4","-4","-4","-4","-4","-4","-4","-4","-4","-4","-4","-4","-4","-4","-4","2021-01-19 10:55:17.0"
"","CTX_LH_MIDDLETEMPORAL_VOLUME","UCBERKELEYAV45","UC Berkeley - AV45 analysis","-4","ctx-lh-middletemporal ROI size in mm^3","-4","-4","N","","0","-4","-4","-4","mm^3","-4","-4","-4","-4","-4","-4","-4","-4","-4","-4","-4","-4","-4","-4","-4","-4","-4","2021-01-19 10:55:17.0"
"","CTX_LH_PARACENTRAL_SUVR","UCBERKELEYAV45","UC Berkeley - AV45 analysis","-4","ctx-lh-paracentral","-4","-4","N","","4","-4","-4","-4","av45 uptake - subregion","-4","-4","-4","-4","-4","-4","-4","-4","-4","-4","-4","-4","-4","-4","-4","-4","-4","2021-01-19 10:55:17.0"
"","CTX_LH_PARACENTRAL_VOLUME","UCBERKELEYAV45","UC Berkeley - AV45 analysis","-4","ctx-lh-paracentral ROI size in mm^3","-4","-4","N","","0","-4","-4","-4","mm^3","-4","-4","-4","-4","-4","-4","-4","-4","-4","-4","-4","-4","-4","-4","-4","-4","-4","2021-01-19 10:55:17.0"
"","CTX_LH_PARAHIPPOCAMPAL_SUVR","UCBERKELEYAV45","UC Berkeley - AV45 analysis","-4","ctx-lh-parahippocampal","-4","-4","N","","4","-4","-4","-4","av45 uptake - subregion","-4","-4","-4","-4","-4","-4","-4","-4","-4","-4","-4","-4","-4","-4","-4","-4","-4","2021-01-19 10:55:17.0"
"","CTX_LH_PARAHIPPOCAMPAL_VOLUME","UCBERKELEYAV45","UC Berkeley - AV45 analysis","-4","ctx-lh-parahippocampal ROI size in mm^3","-4","-4","N","","0","-4","-4","-4","mm^3","-4","-4","-4","-4","-4","-4","-4","-4","-4","-4","-4","-4","-4","-4","-4","-4","-4","2021-01-19 10:55:17.0"
"","CTX_LH_PARSOPERCULARIS_SUVR","UCBERKELEYAV45","UC Berkeley - AV45 analysis","-4","ctx-lh-parsopercularis","-4","-4","N","","4","-4","-4","-4","av45 uptake - reference region","-4","-4","-4","-4","-4","-4","-4","-4","-4","-4","-4","-4","-4","-4","-4","-4","-4","2021-01-19 10:55:17.0"
"","CTX_LH_PARSOPERCULARIS_VOLUME","UCBERKELEYAV45","UC Berkeley - AV45 analysis","-4","ctx-lh-parsopercularis ROI size in mm^3","-4","-4","N","","0","-4","-4","-4","mm^3","-4","-4","-4","-4","-4","-4","-4","-4","-4","-4","-4","-4","-4","-4","-4","-4","-4","2021-01-19 10:55:17.0"
"","CTX_LH_PARSORBITALIS_SUVR","UCBERKELEYAV45","UC Berkeley - AV45 analysis","-4","ctx-lh-parsorbitalis","-4","-4","N","","4","-4","-4","-4","av45 uptake - subregion","-4","-4","-4","-4","-4","-4","-4","-4","-4","-4","-4","-4","-4","-4","-4","-4","-4","2021-01-19 10:55:17.0"
"","CTX_LH_PARSORBITALIS_VOLUME","UCBERKELEYAV45","UC Berkeley - AV45 analysis","-4","ctx-lh-parsorbitalis ROI size in mm^3","-4","-4","N","","0","-4","-4","-4","mm^3","-4","-4","-4","-4","-4","-4","-4","-4","-4","-4","-4","-4","-4","-4","-4","-4","-4","2021-01-19 10:55:17.0"
"","CTX_LH_PARSTRIANGULARIS_SUVR","UCBERKELEYAV45","UC Berkeley - AV45 analysis","-4","ctx-lh-parstriangularis","-4","-4","N","","4","-4","-4","-4","av45 uptake - subregion","-4","-4","-4","-4","-4","-4","-4","-4","-4","-4","-4","-4","-4","-4","-4","-4","-4","2021-01-19 10:55:17.0"
"","CTX_LH_PARSTRIANGULARIS_VOLUME","UCBERKELEYAV45","UC Berkeley - AV45 analysis","-4","ctx-lh-parstriangularis ROI size in mm^3","-4","-4","N","","0","-4","-4","-4","mm^3","-4","-4","-4","-4","-4","-4","-4","-4","-4","-4","-4","-4","-4","-4","-4","-4","-4","2021-01-19 10:55:17.0"
"","CTX_LH_PERICALCARINE_SUVR","UCBERKELEYAV45","UC Berkeley - AV45 analysis","-4","ctx-lh-pericalcarine","-4","-4","N","","4","-4","-4","-4","av45 uptake - subregion","-4","-4","-4","-4","-4","-4","-4","-4","-4","-4","-4","-4","-4","-4","-4","-4","-4","2021-01-19 10:55:17.0"
"","CTX_LH_PERICALCARINE_VOLUME","UCBERKELEYAV45","UC Berkeley - AV45 analysis","-4","ctx-lh-pericalcarine ROI size in mm^3","-4","-4","N","","0","-4","-4","-4","mm^3","-4","-4","-4","-4","-4","-4","-4","-4","-4","-4","-4","-4","-4","-4","-4","-4","-4","2021-01-19 10:55:17.0"
"","CTX_LH_POSTCENTRAL_SUVR","UCBERKELEYAV45","UC Berkeley - AV45 analysis","-4","ctx-lh-postcentral","-4","-4","N","","4","-4","-4","-4","av45 uptake - reference region","-4","-4","-4","-4","-4","-4","-4","-4","-4","-4","-4","-4","-4","-4","-4","-4","-4","2021-01-19 10:55:17.0"
"","CTX_LH_POSTCENTRAL_VOLUME","UCBERKELEYAV45","UC Berkeley - AV45 analysis","-4","ctx-lh-postcentral ROI size in mm^3","-4","-4","N","","0","-4","-4","-4","mm^3","-4","-4","-4","-4","-4","-4","-4","-4","-4","-4","-4","-4","-4","-4","-4","-4","-4","2021-01-19 10:55:17.0"
"","CTX_LH_POSTERIORCINGULATE_SUVR","UCBERKELEYAV45","UC Berkeley - AV45 analysis","-4","ctx-lh-posteriorcingulate","-4","-4","N","","4","-4","-4","-4","av45 uptake - subregion","-4","-4","-4","-4","-4","-4","-4","-4","-4","-4","-4","-4","-4","-4","-4","-4","-4","2021-01-19 10:55:17.0"
"","CTX_LH_POSTERIORCINGULATE_VOLUME","UCBERKELEYAV45","UC Berkeley - AV45 analysis","-4","ctx-lh-posteriorcingulate ROI size in mm^3","-4","-4","N","","0","-4","-4","-4","mm^3","-4","-4","-4","-4","-4","-4","-4","-4","-4","-4","-4","-4","-4","-4","-4","-4","-4","2021-01-19 10:55:17.0"
"","CTX_LH_PRECENTRAL_SUVR","UCBERKELEYAV45","UC Berkeley - AV45 analysis","-4","ctx-lh-precentral","-4","-4","N","","4","-4","-4","-4","av45 uptake - subregion","-4","-4","-4","-4","-4","-4","-4","-4","-4","-4","-4","-4","-4","-4","-4","-4","-4","2021-01-19 10:55:17.0"
"","CTX_LH_PRECENTRAL_VOLUME","UCBERKELEYAV45","UC Berkeley - AV45 analysis","-4","ctx-lh-precentral ROI size in mm^3","-4","-4","N","","0","-4","-4","-4","mm^3","-4","-4","-4","-4","-4","-4","-4","-4","-4","-4","-4","-4","-4","-4","-4","-4","-4","2021-01-19 10:55:17.0"
"","CTX_LH_PRECUNEUS_SUVR","UCBERKELEYAV45","UC Berkeley - AV45 analysis","-4","ctx-lh-precuneus","-4","-4","N","","4","-4","-4","-4","av45 uptake - subregion","-4","-4","-4","-4","-4","-4","-4","-4","-4","-4","-4","-4","-4","-4","-4","-4","-4","2021-01-19 10:55:17.0"
"","CTX_LH_PRECUNEUS_VOLUME","UCBERKELEYAV45","UC Berkeley - AV45 analysis","-4","ctx-lh-precuneus ROI size in mm^3","-4","-4","N","","0","-4","-4","-4","mm^3","-4","-4","-4","-4","-4","-4","-4","-4","-4","-4","-4","-4","-4","-4","-4","-4","-4","2021-01-19 10:55:17.0"
"","CTX_LH_ROSTRALANTERIORCINGULATE_SUVR","UCBERKELEYAV45","UC Berkeley - AV45 analysis","-4","ctx-lh-rostralanteriorcingulate","-4","-4","N","","4","-4","-4","-4","av45 uptake - reference region","-4","-4","-4","-4","-4","-4","-4","-4","-4","-4","-4","-4","-4","-4","-4","-4","-4","2021-01-19 10:55:17.0"
"","CTX_LH_ROSTRALANTERIORCINGULATE_VOLUME","UCBERKELEYAV45","UC Berkeley - AV45 analysis","-4","ctx-lh-rostralanteriorcingulate ROI size in mm^3","-4","-4","N","","0","-4","-4","-4","mm^3","-4","-4","-4","-4","-4","-4","-4","-4","-4","-4","-4","-4","-4","-4","-4","-4","-4","2021-01-19 10:55:17.0"
"","CTX_LH_ROSTRALMIDDLEFRONTAL_SUVR","UCBERKELEYAV45","UC Berkeley - AV45 analysis","-4","ctx-lh-rostralmiddlefrontal","-4","-4","N","","4","-4","-4","-4","av45 uptake - subregion","-4","-4","-4","-4","-4","-4","-4","-4","-4","-4","-4","-4","-4","-4","-4","-4","-4","2021-01-19 10:55:17.0"
"","CTX_LH_ROSTRALMIDDLEFRONTAL_VOLUME","UCBERKELEYAV45","UC Berkeley - AV45 analysis","-4","ctx-lh-rostralmiddlefrontal ROI size in mm^3","-4","-4","N","","0","-4","-4","-4","mm^3","-4","-4","-4","-4","-4","-4","-4","-4","-4","-4","-4","-4","-4","-4","-4","-4","-4","2021-01-19 10:55:17.0"
"","CTX_LH_SUPERIORFRONTAL_SUVR","UCBERKELEYAV45","UC Berkeley - AV45 analysis","-4","ctx-lh-superiorfrontal","-4","-4","N","","4","-4","-4","-4","av45 uptake - subregion","-4","-4","-4","-4","-4","-4","-4","-4","-4","-4","-4","-4","-4","-4","-4","-4","-4","2021-01-19 10:55:17.0"
"","CTX_LH_SUPERIORFRONTAL_VOLUME","UCBERKELEYAV45","UC Berkeley - AV45 analysis","-4","ctx-lh-superiorfrontal ROI size in mm^3","-4","-4","N","","0","-4","-4","-4","mm^3","-4","-4","-4","-4","-4","-4","-4","-4","-4","-4","-4","-4","-4","-4","-4","-4","-4","2021-01-19 10:55:17.0"
"","CTX_LH_SUPERIORPARIETAL_SUVR","UCBERKELEYAV45","UC Berkeley - AV45 analysis","-4","ctx-lh-superiorparietal","-4","-4","N","","4","-4","-4","-4","av45 uptake - subregion","-4","-4","-4","-4","-4","-4","-4","-4","-4","-4","-4","-4","-4","-4","-4","-4","-4","2021-01-19 10:55:17.0"
"","CTX_LH_SUPERIORPARIETAL_VOLUME","UCBERKELEYAV45","UC Berkeley - AV45 analysis","-4","ctx-lh-superiorparietal ROI size in mm^3","-4","-4","N","","0","-4","-4","-4","mm^3","-4","-4","-4","-4","-4","-4","-4","-4","-4","-4","-4","-4","-4","-4","-4","-4","-4","2021-01-19 10:55:17.0"
"","CTX_LH_SUPERIORTEMPORAL_SUVR","UCBERKELEYAV45","UC Berkeley - AV45 analysis","-4","ctx-lh-superiortemporal","-4","-4","N","","4","-4","-4","-4","av45 uptake - reference region","-4","-4","-4","-4","-4","-4","-4","-4","-4","-4","-4","-4","-4","-4","-4","-4","-4","2021-01-19 10:55:17.0"
"","CTX_LH_SUPERIORTEMPORAL_VOLUME","UCBERKELEYAV45","UC Berkeley - AV45 analysis","-4","ctx-lh-superiortemporal ROI size in mm^3","-4","-4","N","","0","-4","-4","-4","mm^3","-4","-4","-4","-4","-4","-4","-4","-4","-4","-4","-4","-4","-4","-4","-4","-4","-4","2021-01-19 10:55:17.0"
"","CTX_LH_SUPRAMARGINAL_SUVR","UCBERKELEYAV45","UC Berkeley - AV45 analysis","-4","ctx-lh-supramarginal","-4","-4","N","","4","-4","-4","-4","av45 uptake - subregion","-4","-4","-4","-4","-4","-4","-4","-4","-4","-4","-4","-4","-4","-4","-4","-4","-4","2021-01-19 10:55:17.0"
"","CTX_LH_SUPRAMARGINAL_VOLUME","UCBERKELEYAV45","UC Berkeley - AV45 analysis","-4","ctx-lh-supramarginal ROI size in mm^3","-4","-4","N","","0","-4","-4","-4","mm^3","-4","-4","-4","-4","-4","-4","-4","-4","-4","-4","-4","-4","-4","-4","-4","-4","-4","2021-01-19 10:55:17.0"
"","CTX_LH_TEMPORALPOLE_SUVR","UCBERKELEYAV45","UC Berkeley - AV45 analysis","-4","ctx-lh-temporalpole","-4","-4","N","","4","-4","-4","-4","av45 uptake - subregion","-4","-4","-4","-4","-4","-4","-4","-4","-4","-4","-4","-4","-4","-4","-4","-4","-4","2021-01-19 10:55:17.0"
"","CTX_LH_TEMPORALPOLE_VOLUME","UCBERKELEYAV45","UC Berkeley - AV45 analysis","-4","ctx-lh-temporalpole ROI size in mm^3","-4","-4","N","","0","-4","-4","-4","mm^3","-4","-4","-4","-4","-4","-4","-4","-4","-4","-4","-4","-4","-4","-4","-4","-4","-4","2021-01-19 10:55:17.0"
"","CTX_LH_TRANSVERSETEMPORAL_SUVR","UCBERKELEYAV45","UC Berkeley - AV45 analysis","-4","ctx-lh-transversetemporal","-4","-4","N","","4","-4","-4","-4","av45 uptake - subregion","-4","-4","-4","-4","-4","-4","-4","-4","-4","-4","-4","-4","-4","-4","-4","-4","-4","2021-01-19 10:55:17.0"
"","CTX_LH_TRANSVERSETEMPORAL_VOLUME","UCBERKELEYAV45","UC Berkeley - AV45 analysis","-4","ctx-lh-transversetemporal ROI size in mm^3","-4","-4","N","","0","-4","-4","-4","mm^3","-4","-4","-4","-4","-4","-4","-4","-4","-4","-4","-4","-4","-4","-4","-4","-4","-4","2021-01-19 10:55:17.0"
"","CTX_LH_UNKNOWN_SUVR","UCBERKELEYAV45","UC Berkeley - AV45 analysis","-4","ctx-lh-unknown","-4","-4","N","","4","-4","-4","-4","av45 uptake - reference region","-4","-4","-4","-4","-4","-4","-4","-4","-4","-4","-4","-4","-4","-4","-4","-4","-4","2021-01-19 10:55:17.0"
"","CTX_LH_UNKNOWN_VOLUME","UCBERKELEYAV45","UC Berkeley - AV45 analysis","-4","ctx-lh-unknown ROI size in mm^3","-4","-4","N","","0","-4","-4","-4","mm^3","-4","-4","-4","-4","-4","-4","-4","-4","-4","-4","-4","-4","-4","-4","-4","-4","-4","2021-01-19 10:55:17.0"
"","CTX_RH_BANKSSTS_SUVR","UCBERKELEYAV45","UC Berkeley - AV45 analysis","-4","ctx-rh-bankssts","-4","-4","N","","4","-4","-4","-4","av45 uptake - subregion","-4","-4","-4","-4","-4","-4","-4","-4","-4","-4","-4","-4","-4","-4","-4","-4","-4","2021-01-19 10:55:17.0"
"","CTX_RH_BANKSSTS_VOLUME","UCBERKELEYAV45","UC Berkeley - AV45 analysis","-4","ctx-rh-bankssts ROI size in mm^3","-4","-4","N","","0","-4","-4","-4","mm^3","-4","-4","-4","-4","-4","-4","-4","-4","-4","-4","-4","-4","-4","-4","-4","-4","-4","2021-01-19 10:55:17.0"
"","CTX_RH_CAUDALANTERIORCINGULATE_SUVR","UCBERKELEYAV45","UC Berkeley - AV45 analysis","-4","ctx-rh-caudalanteriorcingulate","-4","-4","N","","4","-4","-4","-4","av45 uptake - subregion","-4","-4","-4","-4","-4","-4","-4","-4","-4","-4","-4","-4","-4","-4","-4","-4","-4","2021-01-19 10:55:17.0"
"","CTX_RH_CAUDALANTERIORCINGULATE_VOLUME","UCBERKELEYAV45","UC Berkeley - AV45 analysis","-4","ctx-rh-caudalanteriorcingulate ROI size in mm^3","-4","-4","N","","0","-4","-4","-4","mm^3","-4","-4","-4","-4","-4","-4","-4","-4","-4","-4","-4","-4","-4","-4","-4","-4","-4","2021-01-19 10:55:17.0"
"","CTX_RH_CAUDALMIDDLEFRONTAL_SUVR","UCBERKELEYAV45","UC Berkeley - AV45 analysis","-4","ctx-rh-caudalmiddlefrontal","-4","-4","N","","4","-4","-4","-4","av45 uptake - subregion","-4","-4","-4","-4","-4","-4","-4","-4","-4","-4","-4","-4","-4","-4","-4","-4","-4","2021-01-19 10:55:17.0"
"","CTX_RH_CAUDALMIDDLEFRONTAL_VOLUME","UCBERKELEYAV45","UC Berkeley - AV45 analysis","-4","ctx-rh-caudalmiddlefrontal ROI size in mm^3","-4","-4","N","","0","-4","-4","-4","mm^3","-4","-4","-4","-4","-4","-4","-4","-4","-4","-4","-4","-4","-4","-4","-4","-4","-4","2021-01-19 10:55:17.0"
"","CTX_RH_CUNEUS_SUVR","UCBERKELEYAV45","UC Berkeley - AV45 analysis","-4","ctx-rh-cuneus","-4","-4","N","","4","-4","-4","-4","av45 uptake - reference region","-4","-4","-4","-4","-4","-4","-4","-4","-4","-4","-4","-4","-4","-4","-4","-4","-4","2021-01-19 10:55:17.0"
"","CTX_RH_CUNEUS_VOLUME","UCBERKELEYAV45","UC Berkeley - AV45 analysis","-4","ctx-rh-cuneus ROI size in mm^3","-4","-4","N","","0","-4","-4","-4","mm^3","-4","-4","-4","-4","-4","-4","-4","-4","-4","-4","-4","-4","-4","-4","-4","-4","-4","2021-01-19 10:55:17.0"
"","CTX_RH_ENTORHINAL_SUVR","UCBERKELEYAV45","UC Berkeley - AV45 analysis","-4","ctx-rh-entorhinal","-4","-4","N","","4","-4","-4","-4","av45 uptake - subregion","-4","-4","-4","-4","-4","-4","-4","-4","-4","-4","-4","-4","-4","-4","-4","-4","-4","2021-01-19 10:55:17.0"
"","CTX_RH_ENTORHINAL_VOLUME","UCBERKELEYAV45","UC Berkeley - AV45 analysis","-4","ctx-rh-entorhinal ROI size in mm^3","-4","-4","N","","0","-4","-4","-4","mm^3","-4","-4","-4","-4","-4","-4","-4","-4","-4","-4","-4","-4","-4","-4","-4","-4","-4","2021-01-19 10:55:17.0"
"","CTX_RH_FRONTALPOLE_SUVR","UCBERKELEYAV45","UC Berkeley - AV45 analysis","-4","ctx-rh-frontalpole","-4","-4","N","","4","-4","-4","-4","av45 uptake - subregion","-4","-4","-4","-4","-4","-4","-4","-4","-4","-4","-4","-4","-4","-4","-4","-4","-4","2021-01-19 10:55:17.0"
"","CTX_RH_FRONTALPOLE_VOLUME","UCBERKELEYAV45","UC Berkeley - AV45 analysis","-4","ctx-rh-frontalpole ROI size in mm^3","-4","-4","N","","0","-4","-4","-4","mm^3","-4","-4","-4","-4","-4","-4","-4","-4","-4","-4","-4","-4","-4","-4","-4","-4","-4","2021-01-19 10:55:17.0"
"","CTX_RH_FUSIFORM_SUVR","UCBERKELEYAV45","UC Berkeley - AV45 analysis","-4","ctx-rh-fusiform","-4","-4","N","","4","-4","-4","-4","av45 uptake - subregion","-4","-4","-4","-4","-4","-4","-4","-4","-4","-4","-4","-4","-4","-4","-4","-4","-4","2021-01-19 10:55:17.0"
"","CTX_RH_FUSIFORM_VOLUME","UCBERKELEYAV45","UC Berkeley - AV45 analysis","-4","ctx-rh-fusiform ROI size in mm^3","-4","-4","N","","0","-4","-4","-4","mm^3","-4","-4","-4","-4","-4","-4","-4","-4","-4","-4","-4","-4","-4","-4","-4","-4","-4","2021-01-19 10:55:17.0"
"","CTX_RH_INFERIORPARIETAL_SUVR","UCBERKELEYAV45","UC Berkeley - AV45 analysis","-4","ctx-rh-inferiorparietal","-4","-4","N","","4","-4","-4","-4","av45 uptake - reference region","-4","-4","-4","-4","-4","-4","-4","-4","-4","-4","-4","-4","-4","-4","-4","-4","-4","2021-01-19 10:55:17.0"
"","CTX_RH_INFERIORPARIETAL_VOLUME","UCBERKELEYAV45","UC Berkeley - AV45 analysis","-4","ctx-rh-inferiorparietal ROI size in mm^3","-4","-4","N","","0","-4","-4","-4","mm^3","-4","-4","-4","-4","-4","-4","-4","-4","-4","-4","-4","-4","-4","-4","-4","-4","-4","2021-01-19 10:55:17.0"
"","CTX_RH_INFERIORTEMPORAL_SUVR","UCBERKELEYAV45","UC Berkeley - AV45 analysis","-4","ctx-rh-inferiortemporal","-4","-4","N","","4","-4","-4","-4","av45 uptake - subregion","-4","-4","-4","-4","-4","-4","-4","-4","-4","-4","-4","-4","-4","-4","-4","-4","-4","2021-01-19 10:55:17.0"
"","CTX_RH_INFERIORTEMPORAL_VOLUME","UCBERKELEYAV45","UC Berkeley - AV45 analysis","-4","ctx-rh-inferiortemporal ROI size in mm^3","-4","-4","N","","0","-4","-4","-4","mm^3","-4","-4","-4","-4","-4","-4","-4","-4","-4","-4","-4","-4","-4","-4","-4","-4","-4","2021-01-19 10:55:17.0"
"","CTX_RH_INSULA_SUVR","UCBERKELEYAV45","UC Berkeley - AV45 analysis","-4","ctx-rh-insula","-4","-4","N","","4","-4","-4","-4","av45 uptake - subregion","-4","-4","-4","-4","-4","-4","-4","-4","-4","-4","-4","-4","-4","-4","-4","-4","-4","2021-01-19 10:55:17.0"
"","CTX_RH_INSULA_VOLUME","UCBERKELEYAV45","UC Berkeley - AV45 analysis","-4","ctx-rh-insula ROI size in mm^3","-4","-4","N","","0","-4","-4","-4","mm^3","-4","-4","-4","-4","-4","-4","-4","-4","-4","-4","-4","-4","-4","-4","-4","-4","-4","2021-01-19 10:55:17.0"
"","CTX_RH_ISTHMUSCINGULATE_SUVR","UCBERKELEYAV45","UC Berkeley - AV45 analysis","-4","ctx-rh-isthmuscingulate","-4","-4","N","","4","-4","-4","-4","av45 uptake - subregion","-4","-4","-4","-4","-4","-4","-4","-4","-4","-4","-4","-4","-4","-4","-4","-4","-4","2021-01-19 10:55:17.0"
"","CTX_RH_ISTHMUSCINGULATE_VOLUME","UCBERKELEYAV45","UC Berkeley - AV45 analysis","-4","ctx-rh-isthmuscingulate ROI size in mm^3","-4","-4","N","","0","-4","-4","-4","mm^3","-4","-4","-4","-4","-4","-4","-4","-4","-4","-4","-4","-4","-4","-4","-4","-4","-4","2021-01-19 10:55:17.0"
"","CTX_RH_LATERALOCCIPITAL_SUVR","UCBERKELEYAV45","UC Berkeley - AV45 analysis","-4","ctx-rh-lateraloccipital","-4","-4","N","","4","-4","-4","-4","av45 uptake - reference region","-4","-4","-4","-4","-4","-4","-4","-4","-4","-4","-4","-4","-4","-4","-4","-4","-4","2021-01-19 10:55:17.0"
"","CTX_RH_LATERALOCCIPITAL_VOLUME","UCBERKELEYAV45","UC Berkeley - AV45 analysis","-4","ctx-rh-lateraloccipital ROI size in mm^3","-4","-4","N","","0","-4","-4","-4","mm^3","-4","-4","-4","-4","-4","-4","-4","-4","-4","-4","-4","-4","-4","-4","-4","-4","-4","2021-01-19 10:55:17.0"
"","CTX_RH_LATERALORBITOFRONTAL_SUVR","UCBERKELEYAV45","UC Berkeley - AV45 analysis","-4","ctx-rh-lateralorbitofrontal","-4","-4","N","","4","-4","-4","-4","av45 uptake - subregion","-4","-4","-4","-4","-4","-4","-4","-4","-4","-4","-4","-4","-4","-4","-4","-4","-4","2021-01-19 10:55:17.0"
"","CTX_RH_LATERALORBITOFRONTAL_VOLUME","UCBERKELEYAV45","UC Berkeley - AV45 analysis","-4","ctx-rh-lateralorbitofrontal ROI size in mm^3","-4","-4","N","","0","-4","-4","-4","mm^3","-4","-4","-4","-4","-4","-4","-4","-4","-4","-4","-4","-4","-4","-4","-4","-4","-4","2021-01-19 10:55:17.0"
"","CTX_RH_LINGUAL_SUVR","UCBERKELEYAV45","UC Berkeley - AV45 analysis","-4","ctx-rh-lingual","-4","-4","N","","4","-4","-4","-4","av45 uptake - subregion","-4","-4","-4","-4","-4","-4","-4","-4","-4","-4","-4","-4","-4","-4","-4","-4","-4","2021-01-19 10:55:17.0"
"","CTX_RH_LINGUAL_VOLUME","UCBERKELEYAV45","UC Berkeley - AV45 analysis","-4","ctx-rh-lingual ROI size in mm^3","-4","-4","N","","0","-4","-4","-4","mm^3","-4","-4","-4","-4","-4","-4","-4","-4","-4","-4","-4","-4","-4","-4","-4","-4","-4","2021-01-19 10:55:17.0"
"","CTX_RH_MEDIALORBITOFRONTAL_SUVR","UCBERKELEYAV45","UC Berkeley - AV45 analysis","-4","ctx-rh-medialorbitofrontal","-4","-4","N","","4","-4","-4","-4","av45 uptake - subregion","-4","-4","-4","-4","-4","-4","-4","-4","-4","-4","-4","-4","-4","-4","-4","-4","-4","2021-01-19 10:55:17.0"
"","CTX_RH_MEDIALORBITOFRONTAL_VOLUME","UCBERKELEYAV45","UC Berkeley - AV45 analysis","-4","ctx-rh-medialorbitofrontal ROI size in mm^3","-4","-4","N","","0","-4","-4","-4","mm^3","-4","-4","-4","-4","-4","-4","-4","-4","-4","-4","-4","-4","-4","-4","-4","-4","-4","2021-01-19 10:55:17.0"
"","CTX_RH_MIDDLETEMPORAL_SUVR","UCBERKELEYAV45","UC Berkeley - AV45 analysis","-4","ctx-rh-middletemporal","-4","-4","N","","4","-4","-4","-4","av45 uptake - reference region","-4","-4","-4","-4","-4","-4","-4","-4","-4","-4","-4","-4","-4","-4","-4","-4","-4","2021-01-19 10:55:17.0"
"","CTX_RH_MIDDLETEMPORAL_VOLUME","UCBERKELEYAV45","UC Berkeley - AV45 analysis","-4","ctx-rh-middletemporal ROI size in mm^3","-4","-4","N","","0","-4","-4","-4","mm^3","-4","-4","-4","-4","-4","-4","-4","-4","-4","-4","-4","-4","-4","-4","-4","-4","-4","2021-01-19 10:55:17.0"
"","CTX_RH_PARACENTRAL_SUVR","UCBERKELEYAV45","UC Berkeley - AV45 analysis","-4","ctx-rh-paracentral","-4","-4","N","","4","-4","-4","-4","av45 uptake - subregion","-4","-4","-4","-4","-4","-4","-4","-4","-4","-4","-4","-4","-4","-4","-4","-4","-4","2021-01-19 10:55:17.0"
"","CTX_RH_PARACENTRAL_VOLUME","UCBERKELEYAV45","UC Berkeley - AV45 analysis","-4","ctx-rh-paracentral ROI size in mm^3","-4","-4","N","","0","-4","-4","-4","mm^3","-4","-4","-4","-4","-4","-4","-4","-4","-4","-4","-4","-4","-4","-4","-4","-4","-4","2021-01-19 10:55:17.0"
"","CTX_RH_PARAHIPPOCAMPAL_SUVR","UCBERKELEYAV45","UC Berkeley - AV45 analysis","-4","ctx-rh-parahippocampal","-4","-4","N","","4","-4","-4","-4","av45 uptake - subregion","-4","-4","-4","-4","-4","-4","-4","-4","-4","-4","-4","-4","-4","-4","-4","-4","-4","2021-01-19 10:55:17.0"
"","CTX_RH_PARAHIPPOCAMPAL_VOLUME","UCBERKELEYAV45","UC Berkeley - AV45 analysis","-4","ctx-rh-parahippocampal ROI size in mm^3","-4","-4","N","","0","-4","-4","-4","mm^3","-4","-4","-4","-4","-4","-4","-4","-4","-4","-4","-4","-4","-4","-4","-4","-4","-4","2021-01-19 10:55:17.0"
"","CTX_RH_PARSOPERCULARIS_SUVR","UCBERKELEYAV45","UC Berkeley - AV45 analysis","-4","ctx-rh-parsopercularis","-4","-4","N","","4","-4","-4","-4","av45 uptake - subregion","-4","-4","-4","-4","-4","-4","-4","-4","-4","-4","-4","-4","-4","-4","-4","-4","-4","2021-01-19 10:55:17.0"
"","CTX_RH_PARSOPERCULARIS_VOLUME","UCBERKELEYAV45","UC Berkeley - AV45 analysis","-4","ctx-rh-parsopercularis ROI size in mm^3","-4","-4","N","","0","-4","-4","-4","mm^3","-4","-4","-4","-4","-4","-4","-4","-4","-4","-4","-4","-4","-4","-4","-4","-4","-4","2021-01-19 10:55:17.0"
"","CTX_RH_PARSORBITALIS_SUVR","UCBERKELEYAV45","UC Berkeley - AV45 analysis","-4","ctx-rh-parsorbitalis","-4","-4","N","","4","-4","-4","-4","av45 uptake - reference region","-4","-4","-4","-4","-4","-4","-4","-4","-4","-4","-4","-4","-4","-4","-4","-4","-4","2021-01-19 10:55:17.0"
"","CTX_RH_PARSORBITALIS_VOLUME","UCBERKELEYAV45","UC Berkeley - AV45 analysis","-4","ctx-rh-parsorbitalis ROI size in mm^3","-4","-4","N","","0","-4","-4","-4","mm^3","-4","-4","-4","-4","-4","-4","-4","-4","-4","-4","-4","-4","-4","-4","-4","-4","-4","2021-01-19 10:55:17.0"
"","CTX_RH_PARSTRIANGULARIS_SUVR","UCBERKELEYAV45","UC Berkeley - AV45 analysis","-4","ctx-rh-parstriangularis","-4","-4","N","","4","-4","-4","-4","av45 uptake - subregion","-4","-4","-4","-4","-4","-4","-4","-4","-4","-4","-4","-4","-4","-4","-4","-4","-4","2021-01-19 10:55:17.0"
"","CTX_RH_PARSTRIANGULARIS_VOLUME","UCBERKELEYAV45","UC Berkeley - AV45 analysis","-4","ctx-rh-parstriangularis ROI size in mm^3","-4","-4","N","","0","-4","-4","-4","mm^3","-4","-4","-4","-4","-4","-4","-4","-4","-4","-4","-4","-4","-4","-4","-4","-4","-4","2021-01-19 10:55:17.0"
"","CTX_RH_PERICALCARINE_SUVR","UCBERKELEYAV45","UC Berkeley - AV45 analysis","-4","ctx-rh-pericalcarine","-4","-4","N","","4","-4","-4","-4","av45 uptake - subregion","-4","-4","-4","-4","-4","-4","-4","-4","-4","-4","-4","-4","-4","-4","-4","-4","-4","2021-01-19 10:55:17.0"
"","CTX_RH_PERICALCARINE_VOLUME","UCBERKELEYAV45","UC Berkeley - AV45 analysis","-4","ctx-rh-pericalcarine ROI size in mm^3","-4","-4","N","","0","-4","-4","-4","mm^3","-4","-4","-4","-4","-4","-4","-4","-4","-4","-4","-4","-4","-4","-4","-4","-4","-4","2021-01-19 10:55:17.0"
"","CTX_RH_POSTCENTRAL_SUVR","UCBERKELEYAV45","UC Berkeley - AV45 analysis","-4","ctx-rh-postcentral","-4","-4","N","","4","-4","-4","-4","av45 uptake - subregion","-4","-4","-4","-4","-4","-4","-4","-4","-4","-4","-4","-4","-4","-4","-4","-4","-4","2021-01-19 10:55:17.0"
"","CTX_RH_POSTCENTRAL_VOLUME","UCBERKELEYAV45","UC Berkeley - AV45 analysis","-4","ctx-rh-postcentral ROI size in mm^3","-4","-4","N","","0","-4","-4","-4","mm^3","-4","-4","-4","-4","-4","-4","-4","-4","-4","-4","-4","-4","-4","-4","-4","-4","-4","2021-01-19 10:55:17.0"
"","CTX_RH_POSTERIORCINGULATE_SUVR","UCBERKELEYAV45","UC Berkeley - AV45 analysis","-4","ctx-rh-posteriorcingulate","-4","-4","N","","4","-4","-4","-4","av45 uptake - reference region","-4","-4","-4","-4","-4","-4","-4","-4","-4","-4","-4","-4","-4","-4","-4","-4","-4","2021-01-19 10:55:17.0"
"","CTX_RH_POSTERIORCINGULATE_VOLUME","UCBERKELEYAV45","UC Berkeley - AV45 analysis","-4","ctx-rh-posteriorcingulate ROI size in mm^3","-4","-4","N","","0","-4","-4","-4","mm^3","-4","-4","-4","-4","-4","-4","-4","-4","-4","-4","-4","-4","-4","-4","-4","-4","-4","2021-01-19 10:55:17.0"
"","CTX_RH_PRECENTRAL_SUVR","UCBERKELEYAV45","UC Berkeley - AV45 analysis","-4","ctx-rh-precentral","-4","-4","N","","4","-4","-4","-4","av45 uptake - subregion","-4","-4","-4","-4","-4","-4","-4","-4","-4","-4","-4","-4","-4","-4","-4","-4","-4","2021-01-19 10:55:17.0"
"","CTX_RH_PRECENTRAL_VOLUME","UCBERKELEYAV45","UC Berkeley - AV45 analysis","-4","ctx-rh-precentral ROI size in mm^3","-4","-4","N","","0","-4","-4","-4","mm^3","-4","-4","-4","-4","-4","-4","-4","-4","-4","-4","-4","-4","-4","-4","-4","-4","-4","2021-01-19 10:55:17.0"
"","CTX_RH_PRECUNEUS_SUVR","UCBERKELEYAV45","UC Berkeley - AV45 analysis","-4","ctx-rh-precuneus","-4","-4","N","","4","-4","-4","-4","av45 uptake - subregion","-4","-4","-4","-4","-4","-4","-4","-4","-4","-4","-4","-4","-4","-4","-4","-4","-4","2021-01-19 10:55:17.0"
"","CTX_RH_PRECUNEUS_VOLUME","UCBERKELEYAV45","UC Berkeley - AV45 analysis","-4","ctx-rh-precuneus ROI size in mm^3","-4","-4","N","","0","-4","-4","-4","mm^3","-4","-4","-4","-4","-4","-4","-4","-4","-4","-4","-4","-4","-4","-4","-4","-4","-4","2021-01-19 10:55:17.0"
"","CTX_RH_ROSTRALANTERIORCINGULATE_SUVR","UCBERKELEYAV45","UC Berkeley - AV45 analysis","-4","ctx-rh-rostralanteriorcingulate","-4","-4","N","","4","-4","-4","-4","av45 uptake - subregion","-4","-4","-4","-4","-4","-4","-4","-4","-4","-4","-4","-4","-4","-4","-4","-4","-4","2021-01-19 10:55:17.0"
"","CTX_RH_ROSTRALANTERIORCINGULATE_VOLUME","UCBERKELEYAV45","UC Berkeley - AV45 analysis","-4","ctx-rh-rostralanteriorcingulate ROI size in mm^3","-4","-4","N","","0","-4","-4","-4","mm^3","-4","-4","-4","-4","-4","-4","-4","-4","-4","-4","-4","-4","-4","-4","-4","-4","-4","2021-01-19 10:55:17.0"
"","CTX_RH_ROSTRALMIDDLEFRONTAL_SUVR","UCBERKELEYAV45","UC Berkeley - AV45 analysis","-4","ctx-rh-rostralmiddlefrontal","-4","-4","N","","4","-4","-4","-4","av45 uptake - reference region","-4","-4","-4","-4","-4","-4","-4","-4","-4","-4","-4","-4","-4","-4","-4","-4","-4","2021-01-19 10:55:17.0"
"","CTX_RH_ROSTRALMIDDLEFRONTAL_VOLUME","UCBERKELEYAV45","UC Berkeley - AV45 analysis","-4","ctx-rh-rostralmiddlefrontal ROI size in mm^3","-4","-4","N","","0","-4","-4","-4","mm^3","-4","-4","-4","-4","-4","-4","-4","-4","-4","-4","-4","-4","-4","-4","-4","-4","-4","2021-01-19 10:55:17.0"
"","CTX_RH_SUPERIORFRONTAL_SUVR","UCBERKELEYAV45","UC Berkeley - AV45 analysis","-4","ctx-rh-superiorfrontal","-4","-4","N","","4","-4","-4","-4","av45 uptake - subregion","-4","-4","-4","-4","-4","-4","-4","-4","-4","-4","-4","-4","-4","-4","-4","-4","-4","2021-01-19 10:55:17.0"
"","CTX_RH_SUPERIORFRONTAL_VOLUME","UCBERKELEYAV45","UC Berkeley - AV45 analysis","-4","ctx-rh-superiorfrontal ROI size in mm^3","-4","-4","N","","0","-4","-4","-4","mm^3","-4","-4","-4","-4","-4","-4","-4","-4","-4","-4","-4","-4","-4","-4","-4","-4","-4","2021-01-19 10:55:17.0"
"","CTX_RH_SUPERIORPARIETAL_SUVR","UCBERKELEYAV45","UC Berkeley - AV45 analysis","-4","ctx-rh-superiorparietal","-4","-4","N","","4","-4","-4","-4","av45 uptake - subregion","-4","-4","-4","-4","-4","-4","-4","-4","-4","-4","-4","-4","-4","-4","-4","-4","-4","2021-01-19 10:55:17.0"
"","CTX_RH_SUPERIORPARIETAL_VOLUME","UCBERKELEYAV45","UC Berkeley - AV45 analysis","-4","ctx-rh-superiorparietal ROI size in mm^3","-4","-4","N","","0","-4","-4","-4","mm^3","-4","-4","-4","-4","-4","-4","-4","-4","-4","-4","-4","-4","-4","-4","-4","-4","-4","2021-01-19 10:55:17.0"
"","CTX_RH_SUPERIORTEMPORAL_SUVR","UCBERKELEYAV45","UC Berkeley - AV45 analysis","-4","ctx-rh-superiortemporal","-4","-4","N","","4","-4","-4","-4","av45 uptake - subregion","-4","-4","-4","-4","-4","-4","-4","-4","-4","-4","-4","-4","-4","-4","-4","-4","-4","2021-01-19 10:55:17.0"
"","CTX_RH_SUPERIORTEMPORAL_VOLUME","UCBERKELEYAV45","UC Berkeley - AV45 analysis","-4","ctx-rh-superiortemporal ROI size in mm^3","-4","-4","N","","0","-4","-4","-4","mm^3","-4","-4","-4","-4","-4","-4","-4","-4","-4","-4","-4","-4","-4","-4","-4","-4","-4","2021-01-19 10:55:17.0"
"","CTX_RH_SUPRAMARGINAL_SUVR","UCBERKELEYAV45","UC Berkeley - AV45 analysis","-4","ctx-rh-supramarginal","-4","-4","N","","4","-4","-4","-4","av45 uptake - reference region","-4","-4","-4","-4","-4","-4","-4","-4","-4","-4","-4","-4","-4","-4","-4","-4","-4","2021-01-19 10:55:17.0"
"","CTX_RH_SUPRAMARGINAL_VOLUME","UCBERKELEYAV45","UC Berkeley - AV45 analysis","-4","ctx-rh-supramarginal ROI size in mm^3","-4","-4","N","","0","-4","-4","-4","mm^3","-4","-4","-4","-4","-4","-4","-4","-4","-4","-4","-4","-4","-4","-4","-4","-4","-4","2021-01-19 10:55:17.0"
"","CTX_RH_TEMPORALPOLE_SUVR","UCBERKELEYAV45","UC Berkeley - AV45 analysis","-4","ctx-rh-temporalpole","-4","-4","N","","4","-4","-4","-4","av45 uptake - subregion","-4","-4","-4","-4","-4","-4","-4","-4","-4","-4","-4","-4","-4","-4","-4","-4","-4","2021-01-19 10:55:17.0"
"","CTX_RH_TEMPORALPOLE_VOLUME","UCBERKELEYAV45","UC Berkeley - AV45 analysis","-4","ctx-rh-temporalpole ROI size in mm^3","-4","-4","N","","0","-4","-4","-4","mm^3","-4","-4","-4","-4","-4","-4","-4","-4","-4","-4","-4","-4","-4","-4","-4","-4","-4","2021-01-19 10:55:17.0"
"","CTX_RH_TRANSVERSETEMPORAL_SUVR","UCBERKELEYAV45","UC Berkeley - AV45 analysis","-4","ctx-rh-transversetemporal","-4","-4","N","","4","-4","-4","-4","av45 uptake - subregion","-4","-4","-4","-4","-4","-4","-4","-4","-4","-4","-4","-4","-4","-4","-4","-4","-4","2021-01-19 10:55:17.0"
"","CTX_RH_TRANSVERSETEMPORAL_VOLUME","UCBERKELEYAV45","UC Berkeley - AV45 analysis","-4","ctx-rh-transversetemporal ROI size in mm^3","-4","-4","N","","0","-4","-4","-4","mm^3","-4","-4","-4","-4","-4","-4","-4","-4","-4","-4","-4","-4","-4","-4","-4","-4","-4","2021-01-19 10:55:17.0"
"","CTX_RH_UNKNOWN_SUVR","UCBERKELEYAV45","UC Berkeley - AV45 analysis","-4","ctx-rh-unknown","-4","-4","N","","4","-4","-4","-4","av45 uptake - subregion","-4","-4","-4","-4","-4","-4","-4","-4","-4","-4","-4","-4","-4","-4","-4","-4","-4","2021-01-19 10:55:17.0"
"","CTX_RH_UNKNOWN_VOLUME","UCBERKELEYAV45","UC Berkeley - AV45 analysis","-4","ctx-rh-unknown ROI size in mm^3","-4","-4","N","","0","-4","-4","-4","mm^3","-4","-4","-4","-4","-4","-4","-4","-4","-4","-4","-4","-4","-4","-4","-4","-4","-4","2021-01-19 10:55:17.0"
"","LEFT_ACCUMBENS_AREA_SUVR","UCBERKELEYAV45","UC Berkeley - AV45 analysis","-4","left-accumbens-area","-4","-4","N","","4","-4","-4","-4","av45 uptake - reference region","-4","-4","-4","-4","-4","-4","-4","-4","-4","-4","-4","-4","-4","-4","-4","-4","-4","2021-01-19 10:55:17.0"
"","LEFT_ACCUMBENS_AREA_VOLUME","UCBERKELEYAV45","UC Berkeley - AV45 analysis","-4","left-accumbens-area ROI size in mm^3","-4","-4","N","","0","-4","-4","-4","mm^3","-4","-4","-4","-4","-4","-4","-4","-4","-4","-4","-4","-4","-4","-4","-4","-4","-4","2021-01-19 10:55:17.0"
"","LEFT_AMYGDALA_SUVR","UCBERKELEYAV45","UC Berkeley - AV45 analysis","-4","left-amygdala","-4","-4","N","","4","-4","-4","-4","av45 uptake - subregion","-4","-4","-4","-4","-4","-4","-4","-4","-4","-4","-4","-4","-4","-4","-4","-4","-4","2021-01-19 10:55:17.0"
"","LEFT_AMYGDALA_VOLUME","UCBERKELEYAV45","UC Berkeley - AV45 analysis","-4","left-amygdala ROI size in mm^3","-4","-4","N","","0","-4","-4","-4","mm^3","-4","-4","-4","-4","-4","-4","-4","-4","-4","-4","-4","-4","-4","-4","-4","-4","-4","2021-01-19 10:55:17.0"
"","LEFT_CAUDATE_SUVR","UCBERKELEYAV45","UC Berkeley - AV45 analysis","-4","left-caudate","-4","-4","N","","4","-4","-4","-4","av45 uptake - subregion","-4","-4","-4","-4","-4","-4","-4","-4","-4","-4","-4","-4","-4","-4","-4","-4","-4","2021-01-19 10:55:17.0"
"","LEFT_CAUDATE_VOLUME","UCBERKELEYAV45","UC Berkeley - AV45 analysis","-4","left-caudate ROI size in mm^3","-4","-4","N","","0","-4","-4","-4","mm^3","-4","-4","-4","-4","-4","-4","-4","-4","-4","-4","-4","-4","-4","-4","-4","-4","-4","2021-01-19 10:55:17.0"
"","LEFT_CEREBELLUM_CORTEX_SUVR","UCBERKELEYAV45","UC Berkeley - AV45 analysis","-4","left-cerebellum-cortex","-4","-4","N","","4","-4","-4","-4","av45 uptake - subregion","-4","-4","-4","-4","-4","-4","-4","-4","-4","-4","-4","-4","-4","-4","-4","-4","-4","2021-01-19 10:55:17.0"
"","LEFT_CEREBELLUM_CORTEX_VOLUME","UCBERKELEYAV45","UC Berkeley - AV45 analysis","-4","left-cerebellum-cortex ROI size in mm^3","-4","-4","N","","0","-4","-4","-4","mm^3","-4","-4","-4","-4","-4","-4","-4","-4","-4","-4","-4","-4","-4","-4","-4","-4","-4","2021-01-19 10:55:17.0"
"","LEFT_CEREBELLUM_WHITE_MATTER_SUVR","UCBERKELEYAV45","UC Berkeley - AV45 analysis","-4","left-cerebellum-white-matter","-4","-4","N","","4","-4","-4","-4","av45 uptake - subregion","-4","-4","-4","-4","-4","-4","-4","-4","-4","-4","-4","-4","-4","-4","-4","-4","-4","2021-01-19 10:55:17.0"
"","LEFT_CEREBELLUM_WHITE_MATTER_VOLUME","UCBERKELEYAV45","UC Berkeley - AV45 analysis","-4","left-cerebellum-white-matter ROI size in mm^3","-4","-4","N","","0","-4","-4","-4","mm^3","-4","-4","-4","-4","-4","-4","-4","-4","-4","-4","-4","-4","-4","-4","-4","-4","-4","2021-01-19 10:55:17.0"
"","LEFT_CEREBRAL_WHITE_MATTER_SUVR","UCBERKELEYAV45","UC Berkeley - AV45 analysis","-4","left-cerebral-white-matter","-4","-4","N","","4","-4","-4","-4","av45 uptake - reference region","-4","-4","-4","-4","-4","-4","-4","-4","-4","-4","-4","-4","-4","-4","-4","-4","-4","2021-01-19 10:55:17.0"
"","LEFT_CEREBRAL_WHITE_MATTER_VOLUME","UCBERKELEYAV45","UC Berkeley - AV45 analysis","-4","left-cerebral-white-matter ROI size in mm^3","-4","-4","N","","0","-4","-4","-4","mm^3","-4","-4","-4","-4","-4","-4","-4","-4","-4","-4","-4","-4","-4","-4","-4","-4","-4","2021-01-19 10:55:17.0"
"","LEFT_CHOROID_PLEXUS_SUVR","UCBERKELEYAV45","UC Berkeley - AV45 analysis","-4","left-choroid-plexus","-4","-4","N","","4","-4","-4","-4","av45 uptake - subregion","-4","-4","-4","-4","-4","-4","-4","-4","-4","-4","-4","-4","-4","-4","-4","-4","-4","2021-01-19 10:55:17.0"
"","LEFT_CHOROID_PLEXUS_VOLUME","UCBERKELEYAV45","UC Berkeley - AV45 analysis","-4","left-choroid-plexus ROI size in mm^3","-4","-4","N","","0","-4","-4","-4","mm^3","-4","-4","-4","-4","-4","-4","-4","-4","-4","-4","-4","-4","-4","-4","-4","-4","-4","2021-01-19 10:55:17.0"
"","LEFT_HIPPOCAMPUS_SUVR","UCBERKELEYAV45","UC Berkeley - AV45 analysis","-4","left-hippocampus","-4","-4","N","","4","-4","-4","-4","av45 uptake - subregion","-4","-4","-4","-4","-4","-4","-4","-4","-4","-4","-4","-4","-4","-4","-4","-4","-4","2021-01-19 10:55:17.0"
"","LEFT_HIPPOCAMPUS_VOLUME","UCBERKELEYAV45","UC Berkeley - AV45 analysis","-4","left-hippocampus ROI size in mm^3","-4","-4","N","","0","-4","-4","-4","mm^3","-4","-4","-4","-4","-4","-4","-4","-4","-4","-4","-4","-4","-4","-4","-4","-4","-4","2021-01-19 10:55:17.0"
"","LEFT_INF_LAT_VENT_SUVR","UCBERKELEYAV45","UC Berkeley - AV45 analysis","-4","left-inf-lat-vent","-4","-4","N","","4","-4","-4","-4","av45 uptake - subregion","-4","-4","-4","-4","-4","-4","-4","-4","-4","-4","-4","-4","-4","-4","-4","-4","-4","2021-01-19 10:55:17.0"
"","LEFT_INF_LAT_VENT_VOLUME","UCBERKELEYAV45","UC Berkeley - AV45 analysis","-4","left-inf-lat-vent ROI size in mm^3","-4","-4","N","","0","-4","-4","-4","mm^3","-4","-4","-4","-4","-4","-4","-4","-4","-4","-4","-4","-4","-4","-4","-4","-4","-4","2021-01-19 10:55:17.0"
"","LEFT_LATERAL_VENTRICLE_SUVR","UCBERKELEYAV45","UC Berkeley - AV45 analysis","-4","left-lateral-ventricle","-4","-4","N","","4","-4","-4","-4","av45 uptake - reference region","-4","-4","-4","-4","-4","-4","-4","-4","-4","-4","-4","-4","-4","-4","-4","-4","-4","2021-01-19 10:55:17.0"
"","LEFT_LATERAL_VENTRICLE_VOLUME","UCBERKELEYAV45","UC Berkeley - AV45 analysis","-4","left-lateral-ventricle ROI size in mm^3","-4","-4","N","","0","-4","-4","-4","mm^3","-4","-4","-4","-4","-4","-4","-4","-4","-4","-4","-4","-4","-4","-4","-4","-4","-4","2021-01-19 10:55:17.0"
"","LEFT_PALLIDUM_SUVR","UCBERKELEYAV45","UC Berkeley - AV45 analysis","-4","left-pallidum","-4","-4","N","","4","-4","-4","-4","av45 uptake - subregion","-4","-4","-4","-4","-4","-4","-4","-4","-4","-4","-4","-4","-4","-4","-4","-4","-4","2021-01-19 10:55:17.0"
"","LEFT_PALLIDUM_VOLUME","UCBERKELEYAV45","UC Berkeley - AV45 analysis","-4","left-pallidum ROI size in mm^3","-4","-4","N","","0","-4","-4","-4","mm^3","-4","-4","-4","-4","-4","-4","-4","-4","-4","-4","-4","-4","-4","-4","-4","-4","-4","2021-01-19 10:55:17.0"
"","LEFT_PUTAMEN_SUVR","UCBERKELEYAV45","UC Berkeley - AV45 analysis","-4","left-putamen","-4","-4","N","","4","-4","-4","-4","av45 uptake - subregion","-4","-4","-4","-4","-4","-4","-4","-4","-4","-4","-4","-4","-4","-4","-4","-4","-4","2021-01-19 10:55:17.0"
"","LEFT_PUTAMEN_VOLUME","UCBERKELEYAV45","UC Berkeley - AV45 analysis","-4","left-putamen ROI size in mm^3","-4","-4","N","","0","-4","-4","-4","mm^3","-4","-4","-4","-4","-4","-4","-4","-4","-4","-4","-4","-4","-4","-4","-4","-4","-4","2021-01-19 10:55:17.0"
"","LEFT_THALAMUS_PROPER_SUVR","UCBERKELEYAV45","UC Berkeley - AV45 analysis","-4","left-thalamus-proper","-4","-4","N","","4","-4","-4","-4","av45 uptake - subregion","-4","-4","-4","-4","-4","-4","-4","-4","-4","-4","-4","-4","-4","-4","-4","-4","-4","2021-01-19 10:55:17.0"
"","LEFT_THALAMUS_PROPER_VOLUME","UCBERKELEYAV45","UC Berkeley - AV45 analysis","-4","left-thalamus-proper ROI size in mm^3","-4","-4","N","","0","-4","-4","-4","mm^3","-4","-4","-4","-4","-4","-4","-4","-4","-4","-4","-4","-4","-4","-4","-4","-4","-4","2021-01-19 10:55:17.0"
"","LEFT_VENTRALDC_SUVR","UCBERKELEYAV45","UC Berkeley - AV45 analysis","-4","left-ventraldc","-4","-4","N","","4","-4","-4","-4","av45 uptake - reference region","-4","-4","-4","-4","-4","-4","-4","-4","-4","-4","-4","-4","-4","-4","-4","-4","-4","2021-01-19 10:55:17.0"
"","LEFT_VENTRALDC_VOLUME","UCBERKELEYAV45","UC Berkeley - AV45 analysis","-4","left-ventraldc ROI size in mm^3","-4","-4","N","","0","-4","-4","-4","mm^3","-4","-4","-4","-4","-4","-4","-4","-4","-4","-4","-4","-4","-4","-4","-4","-4","-4","2021-01-19 10:55:17.0"
"","LEFT_VESSEL_SUVR","UCBERKELEYAV45","UC Berkeley - AV45 analysis","-4","left-vessel","-4","-4","N","","4","-4","-4","-4","av45 uptake - subregion","-4","-4","-4","-4","-4","-4","-4","-4","-4","-4","-4","-4","-4","-4","-4","-4","-4","2021-01-19 10:55:17.0"
"","LEFT_VESSEL_VOLUME","UCBERKELEYAV45","UC Berkeley - AV45 analysis","-4","left-vessel ROI size in mm^3","-4","-4","N","","0","-4","-4","-4","mm^3","-4","-4","-4","-4","-4","-4","-4","-4","-4","-4","-4","-4","-4","-4","-4","-4","-4","2021-01-19 10:55:17.0"
"","NON_WM_HYPOINTENSITIES_SUVR","UCBERKELEYAV45","UC Berkeley - AV45 analysis","-4","non-wm-hypointensities","-4","-4","N","","4","-4","-4","-4","av45 uptake - subregion","-4","-4","-4","-4","-4","-4","-4","-4","-4","-4","-4","-4","-4","-4","-4","-4","-4","2021-01-19 10:55:17.0"
"","NON_WM_HYPOINTENSITIES_VOLUME","UCBERKELEYAV45","UC Berkeley - AV45 analysis","-4","non-wm-hypointensities ROI size in mm^3","-4","-4","N","","0","-4","-4","-4","mm^3","-4","-4","-4","-4","-4","-4","-4","-4","-4","-4","-4","-4","-4","-4","-4","-4","-4","2021-01-19 10:55:17.0"
"","OPTIC_CHIASM_SUVR","UCBERKELEYAV45","UC Berkeley - AV45 analysis","-4","optic-chiasm","-4","-4","N","","4","-4","-4","-4","av45 uptake - subregion","-4","-4","-4","-4","-4","-4","-4","-4","-4","-4","-4","-4","-4","-4","-4","-4","-4","2021-01-19 10:55:17.0"
"","OPTIC_CHIASM_VOLUME","UCBERKELEYAV45","UC Berkeley - AV45 analysis","-4","optic-chiasm ROI size in mm^3","-4","-4","N","","0","-4","-4","-4","mm^3","-4","-4","-4","-4","-4","-4","-4","-4","-4","-4","-4","-4","-4","-4","-4","-4","-4","2021-01-19 10:55:17.0"
"","RIGHT_ACCUMBENS_AREA_SUVR","UCBERKELEYAV45","UC Berkeley - AV45 analysis","-4","right-accumbens-area","-4","-4","N","","4","-4","-4","-4","av45 uptake - subregion","-4","-4","-4","-4","-4","-4","-4","-4","-4","-4","-4","-4","-4","-4","-4","-4","-4","2021-01-19 10:55:17.0"
"","RIGHT_ACCUMBENS_AREA_VOLUME","UCBERKELEYAV45","UC Berkeley - AV45 analysis","-4","right-accumbens-area ROI size in mm^3","-4","-4","N","","0","-4","-4","-4","mm^3","-4","-4","-4","-4","-4","-4","-4","-4","-4","-4","-4","-4","-4","-4","-4","-4","-4","2021-01-19 10:55:17.0"
"","RIGHT_AMYGDALA_SUVR","UCBERKELEYAV45","UC Berkeley - AV45 analysis","-4","right-amygdala","-4","-4","N","","4","-4","-4","-4","av45 uptake - reference region","-4","-4","-4","-4","-4","-4","-4","-4","-4","-4","-4","-4","-4","-4","-4","-4","-4","2021-01-19 10:55:17.0"
"","RIGHT_AMYGDALA_VOLUME","UCBERKELEYAV45","UC Berkeley - AV45 analysis","-4","right-amygdala ROI size in mm^3","-4","-4","N","","0","-4","-4","-4","mm^3","-4","-4","-4","-4","-4","-4","-4","-4","-4","-4","-4","-4","-4","-4","-4","-4","-4","2021-01-19 10:55:17.0"
"","RIGHT_CAUDATE_SUVR","UCBERKELEYAV45","UC Berkeley - AV45 analysis","-4","right-caudate","-4","-4","N","","4","-4","-4","-4","av45 uptake - subregion","-4","-4","-4","-4","-4","-4","-4","-4","-4","-4","-4","-4","-4","-4","-4","-4","-4","2021-01-19 10:55:17.0"
"","RIGHT_CAUDATE_VOLUME","UCBERKELEYAV45","UC Berkeley - AV45 analysis","-4","right-caudate ROI size in mm^3","-4","-4","N","","0","-4","-4","-4","mm^3","-4","-4","-4","-4","-4","-4","-4","-4","-4","-4","-4","-4","-4","-4","-4","-4","-4","2021-01-19 10:55:17.0"
"","RIGHT_CEREBELLUM_CORTEX_SUVR","UCBERKELEYAV45","UC Berkeley - AV45 analysis","-4","right-cerebellum-cortex","-4","-4","N","","4","-4","-4","-4","av45 uptake - subregion","-4","-4","-4","-4","-4","-4","-4","-4","-4","-4","-4","-4","-4","-4","-4","-4","-4","2021-01-19 10:55:17.0"
"","RIGHT_CEREBELLUM_CORTEX_VOLUME","UCBERKELEYAV45","UC Berkeley - AV45 analysis","-4","right-cerebellum-cortex ROI size in mm^3","-4","-4","N","","0","-4","-4","-4","mm^3","-4","-4","-4","-4","-4","-4","-4","-4","-4","-4","-4","-4","-4","-4","-4","-4","-4","2021-01-19 10:55:17.0"
"","RIGHT_CEREBELLUM_WHITE_MATTER_SUVR","UCBERKELEYAV45","UC Berkeley - AV45 analysis","-4","right-cerebellum-white-matter","-4","-4","N","","4","-4","-4","-4","av45 uptake - subregion","-4","-4","-4","-4","-4","-4","-4","-4","-4","-4","-4","-4","-4","-4","-4","-4","-4","2021-01-19 10:55:17.0"
"","RIGHT_CEREBELLUM_WHITE_MATTER_VOLUME","UCBERKELEYAV45","UC Berkeley - AV45 analysis","-4","right-cerebellum-white-matter ROI size in mm^3","-4","-4","N","","0","-4","-4","-4","mm^3","-4","-4","-4","-4","-4","-4","-4","-4","-4","-4","-4","-4","-4","-4","-4","-4","-4","2021-01-19 10:55:17.0"
"","RIGHT_CEREBRAL_WHITE_MATTER_SUVR","UCBERKELEYAV45","UC Berkeley - AV45 analysis","-4","right-cerebral-white-matter","-4","-4","N","","4","-4","-4","-4","av45 uptake - reference region","-4","-4","-4","-4","-4","-4","-4","-4","-4","-4","-4","-4","-4","-4","-4","-4","-4","2021-01-19 10:55:17.0"
"","RIGHT_CEREBRAL_WHITE_MATTER_VOLUME","UCBERKELEYAV45","UC Berkeley - AV45 analysis","-4","right-cerebral-white-matter ROI size in mm^3","-4","-4","N","","0","-4","-4","-4","mm^3","-4","-4","-4","-4","-4","-4","-4","-4","-4","-4","-4","-4","-4","-4","-4","-4","-4","2021-01-19 10:55:17.0"
"","RIGHT_CHOROID_PLEXUS_SUVR","UCBERKELEYAV45","UC Berkeley - AV45 analysis","-4","right-choroid-plexus","-4","-4","N","","4","-4","-4","-4","av45 uptake - subregion","-4","-4","-4","-4","-4","-4","-4","-4","-4","-4","-4","-4","-4","-4","-4","-4","-4","2021-01-19 10:55:17.0"
"","RIGHT_CHOROID_PLEXUS_VOLUME","UCBERKELEYAV45","UC Berkeley - AV45 analysis","-4","right-choroid-plexus ROI size in mm^3","-4","-4","N","","0","-4","-4","-4","mm^3","-4","-4","-4","-4","-4","-4","-4","-4","-4","-4","-4","-4","-4","-4","-4","-4","-4","2021-01-19 10:55:17.0"
"","RIGHT_HIPPOCAMPUS_SUVR","UCBERKELEYAV45","UC Berkeley - AV45 analysis","-4","right-hippocampus","-4","-4","N","","4","-4","-4","-4","av45 uptake - subregion","-4","-4","-4","-4","-4","-4","-4","-4","-4","-4","-4","-4","-4","-4","-4","-4","-4","2021-01-19 10:55:17.0"
"","RIGHT_HIPPOCAMPUS_VOLUME","UCBERKELEYAV45","UC Berkeley - AV45 analysis","-4","right-hippocampus ROI size in mm^3","-4","-4","N","","0","-4","-4","-4","mm^3","-4","-4","-4","-4","-4","-4","-4","-4","-4","-4","-4","-4","-4","-4","-4","-4","-4","2021-01-19 10:55:17.0"
"","RIGHT_INF_LAT_VENT_SUVR","UCBERKELEYAV45","UC Berkeley - AV45 analysis","-4","right-inf-lat-vent","-4","-4","N","","4","-4","-4","-4","av45 uptake - subregion","-4","-4","-4","-4","-4","-4","-4","-4","-4","-4","-4","-4","-4","-4","-4","-4","-4","2021-01-19 10:55:17.0"
"","RIGHT_INF_LAT_VENT_VOLUME","UCBERKELEYAV45","UC Berkeley - AV45 analysis","-4","right-inf-lat-vent ROI size in mm^3","-4","-4","N","","0","-4","-4","-4","mm^3","-4","-4","-4","-4","-4","-4","-4","-4","-4","-4","-4","-4","-4","-4","-4","-4","-4","2021-01-19 10:55:17.0"
"","RIGHT_LATERAL_VENTRICLE_SUVR","UCBERKELEYAV45","UC Berkeley - AV45 analysis","-4","right-lateral-ventricle","-4","-4","N","","4","-4","-4","-4","av45 uptake - reference region","-4","-4","-4","-4","-4","-4","-4","-4","-4","-4","-4","-4","-4","-4","-4","-4","-4","2021-01-19 10:55:17.0"
"","RIGHT_LATERAL_VENTRICLE_VOLUME","UCBERKELEYAV45","UC Berkeley - AV45 analysis","-4","right-lateral-ventricle ROI size in mm^3","-4","-4","N","","0","-4","-4","-4","mm^3","-4","-4","-4","-4","-4","-4","-4","-4","-4","-4","-4","-4","-4","-4","-4","-4","-4","2021-01-19 10:55:17.0"
"","RIGHT_PALLIDUM_SUVR","UCBERKELEYAV45","UC Berkeley - AV45 analysis","-4","right-pallidum","-4","-4","N","","4","-4","-4","-4","av45 uptake - subregion","-4","-4","-4","-4","-4","-4","-4","-4","-4","-4","-4","-4","-4","-4","-4","-4","-4","2021-01-19 10:55:17.0"
"","RIGHT_PALLIDUM_VOLUME","UCBERKELEYAV45","UC Berkeley - AV45 analysis","-4","right-pallidum ROI size in mm^3","-4","-4","N","","0","-4","-4","-4","mm^3","-4","-4","-4","-4","-4","-4","-4","-4","-4","-4","-4","-4","-4","-4","-4","-4","-4","2021-01-19 10:55:17.0"
"","RIGHT_PUTAMEN_SUVR","UCBERKELEYAV45","UC Berkeley - AV45 analysis","-4","right-putamen","-4","-4","N","","4","-4","-4","-4","av45 uptake - subregion","-4","-4","-4","-4","-4","-4","-4","-4","-4","-4","-4","-4","-4","-4","-4","-4","-4","2021-01-19 10:55:17.0"
"","RIGHT_PUTAMEN_VOLUME","UCBERKELEYAV45","UC Berkeley - AV45 analysis","-4","right-putamen ROI size in mm^3","-4","-4","N","","0","-4","-4","-4","mm^3","-4","-4","-4","-4","-4","-4","-4","-4","-4","-4","-4","-4","-4","-4","-4","-4","-4","2021-01-19 10:55:17.0"
"","RIGHT_THALAMUS_PROPER_SUVR","UCBERKELEYAV45","UC Berkeley - AV45 analysis","-4","right-thalamus-proper","-4","-4","N","","4","-4","-4","-4","av45 uptake - subregion","-4","-4","-4","-4","-4","-4","-4","-4","-4","-4","-4","-4","-4","-4","-4","-4","-4","2021-01-19 10:55:17.0"
"","RIGHT_THALAMUS_PROPER_VOLUME","UCBERKELEYAV45","UC Berkeley - AV45 analysis","-4","right-thalamus-proper ROI size in mm^3","-4","-4","N","","0","-4","-4","-4","mm^3","-4","-4","-4","-4","-4","-4","-4","-4","-4","-4","-4","-4","-4","-4","-4","-4","-4","2021-01-19 10:55:17.0"
"","RIGHT_VENTRALDC_SUVR","UCBERKELEYAV45","UC Berkeley - AV45 analysis","-4","right-ventraldc","-4","-4","N","","4","-4","-4","-4","av45 uptake - subregion","-4","-4","-4","-4","-4","-4","-4","-4","-4","-4","-4","-4","-4","-4","-4","-4","-4","2021-01-19 10:55:17.0"
"","RIGHT_VENTRALDC_VOLUME","UCBERKELEYAV45","UC Berkeley - AV45 analysis","-4","right-ventraldc ROI size in mm^3","-4","-4","N","","0","-4","-4","-4","mm^3","-4","-4","-4","-4","-4","-4","-4","-4","-4","-4","-4","-4","-4","-4","-4","-4","-4","2021-01-19 10:55:17.0"
"","RIGHT_VESSEL_SUVR","UCBERKELEYAV45","UC Berkeley - AV45 analysis","-4","right-vessel","-4","-4","N","","4","-4","-4","-4","av45 uptake - subregion","-4","-4","-4","-4","-4","-4","-4","-4","-4","-4","-4","-4","-4","-4","-4","-4","-4","2021-01-19 10:55:17.0"
"","RIGHT_VESSEL_VOLUME","UCBERKELEYAV45","UC Berkeley - AV45 analysis","-4","right-vessel ROI size in mm^3","-4","-4","N","","0","-4","-4","-4","mm^3","-4","-4","-4","-4","-4","-4","-4","-4","-4","-4","-4","-4","-4","-4","-4","-4","-4","2021-01-19 10:55:17.0"
"","WM_HYPOINTENSITIES_SUVR","UCBERKELEYAV45","UC Berkeley - AV45 analysis","-4","wm-hypointensities","-4","-4","N","","4","-4","-4","-4","av45 uptake - subregion","-4","-4","-4","-4","-4","-4","-4","-4","-4","-4","-4","-4","-4","-4","-4","-4","-4","2021-01-19 10:55:17.0"
"","WM_HYPOINTENSITIES_VOLUME","UCBERKELEYAV45","UC Berkeley - AV45 analysis","-4","wm-hypointensities ROI size in mm^3","-4","-4","N","","0","-4","-4","-4","mm^3","-4","-4","-4","-4","-4","-4","-4","-4","-4","-4","-4","-4","-4","-4","-4","-4","-4","2021-01-19 10:55:17.0"
"","TOTAL_INTRACRANIAL_VOLUME","UCBERKELEYAV45","UC Berkeley - AV45 analysis","-4","total volume in mm^3","-4","-4","N","","0","-4","-4","-4","mm^3","-4","-4","-4","-4","-4","-4","-4","-4","-4","-4","-4","-4","-4","-4","-4","-4","-4","2021-01-19 10:55:17.0"
